{
  "overall": {
    "avg_correctness": 0.8834586466165414,
    "avg_completeness": 0.8571428571428571,
    "avg_overall": 0.8703007518796992,
    "total_columns": 133
  },
  "by_category": {
    "exact_match": {
      "avg_correctness": 0.8181818181818182,
      "avg_completeness": 0.8181818181818182,
      "avg_overall": 0.8181818181818182,
      "column_count": 11
    },
    "numeric_tolerance": {
      "avg_correctness": 0.883177570093458,
      "avg_completeness": 0.8598130841121495,
      "avg_overall": 0.8714953271028038,
      "column_count": 107
    },
    "structured_text": {
      "avg_correctness": 0.9333333333333333,
      "avg_completeness": 0.8666666666666667,
      "avg_overall": 0.9,
      "column_count": 15
    }
  }
}