{
  "overall": {
    "avg_correctness": 0.8947368421052632,
    "avg_completeness": 0.868421052631579,
    "avg_overall": 0.881578947368421,
    "total_columns": 133
  },
  "by_category": {
    "exact_match": {
      "avg_correctness": 0.9090909090909091,
      "avg_completeness": 0.9090909090909091,
      "avg_overall": 0.9090909090909091,
      "column_count": 11
    },
    "numeric_tolerance": {
      "avg_correctness": 0.9065420560747663,
      "avg_completeness": 0.883177570093458,
      "avg_overall": 0.8948598130841121,
      "column_count": 107
    },
    "structured_text": {
      "avg_correctness": 0.8,
      "avg_completeness": 0.7333333333333333,
      "avg_overall": 0.7666666666666667,
      "column_count": 15
    }
  }
}