{
  "overall": {
    "avg_correctness": 0.8007518796992481,
    "avg_completeness": 0.8007518796992481,
    "avg_overall": 0.8007518796992481,
    "total_columns": 133
  },
  "by_category": {
    "exact_match": {
      "avg_correctness": 0.6428571428571429,
      "avg_completeness": 0.6428571428571429,
      "avg_overall": 0.6428571428571429,
      "column_count": 14
    },
    "numeric_tolerance": {
      "avg_correctness": 0.8364485981308412,
      "avg_completeness": 0.8364485981308412,
      "avg_overall": 0.8364485981308412,
      "column_count": 107
    },
    "structured_text": {
      "avg_correctness": 0.6666666666666666,
      "avg_completeness": 0.6666666666666666,
      "avg_overall": 0.6666666666666666,
      "column_count": 12
    }
  }
}