{
  "overall": {
    "avg_correctness": 0.8533834586466166,
    "avg_completeness": 0.8458646616541353,
    "avg_overall": 0.849624060150376,
    "total_columns": 133
  },
  "by_category": {
    "exact_match": {
      "avg_correctness": 0.9285714285714286,
      "avg_completeness": 0.9285714285714286,
      "avg_overall": 0.9285714285714286,
      "column_count": 14
    },
    "numeric_tolerance": {
      "avg_correctness": 0.8551401869158879,
      "avg_completeness": 0.8598130841121495,
      "avg_overall": 0.8574766355140186,
      "column_count": 107
    },
    "structured_text": {
      "avg_correctness": 0.75,
      "avg_completeness": 0.625,
      "avg_overall": 0.6875,
      "column_count": 12
    }
  }
}