{
  "overall": {
    "avg_correctness": 0.8345864661654135,
    "avg_completeness": 0.8345864661654135,
    "avg_overall": 0.8345864661654135,
    "total_columns": 133
  },
  "by_category": {
    "exact_match": {
      "avg_correctness": 0.9285714285714286,
      "avg_completeness": 0.9285714285714286,
      "avg_overall": 0.9285714285714286,
      "column_count": 14
    },
    "numeric_tolerance": {
      "avg_correctness": 0.822429906542056,
      "avg_completeness": 0.822429906542056,
      "avg_overall": 0.822429906542056,
      "column_count": 107
    },
    "structured_text": {
      "avg_correctness": 0.8333333333333334,
      "avg_completeness": 0.8333333333333334,
      "avg_overall": 0.8333333333333334,
      "column_count": 12
    }
  }
}