{
  "overall": {
    "avg_correctness": 0.7255639097744361,
    "avg_completeness": 0.6942105263157895,
    "avg_overall": 0.7098872180451128,
    "total_columns": 133
  },
  "by_category": {
    "exact_match": {
      "avg_correctness": 0.07142857142857142,
      "avg_completeness": 0.07142857142857142,
      "avg_overall": 0.07142857142857142,
      "column_count": 14
    },
    "numeric_tolerance": {
      "avg_correctness": 0.8130841121495327,
      "avg_completeness": 0.792803738317757,
      "avg_overall": 0.8029439252336449,
      "column_count": 107
    },
    "structured_text": {
      "avg_correctness": 0.7083333333333334,
      "avg_completeness": 0.5416666666666666,
      "avg_overall": 0.625,
      "column_count": 12
    }
  }
}