{
  "overall": {
    "avg_correctness": 0.8233082706766918,
    "avg_completeness": 0.7631578947368421,
    "avg_overall": 0.793233082706767,
    "total_columns": 133
  },
  "by_category": {
    "exact_match": {
      "avg_correctness": 0.6363636363636364,
      "avg_completeness": 0.6363636363636364,
      "avg_overall": 0.6363636363636364,
      "column_count": 11
    },
    "numeric_tolerance": {
      "avg_correctness": 0.8411214953271028,
      "avg_completeness": 0.7663551401869159,
      "avg_overall": 0.8037383177570093,
      "column_count": 107
    },
    "structured_text": {
      "avg_correctness": 0.8333333333333334,
      "avg_completeness": 0.8333333333333334,
      "avg_overall": 0.8333333333333334,
      "column_count": 15
    }
  }
}