{
  "overall": {
    "avg_correctness": 0.8157894736842105,
    "avg_completeness": 0.8045112781954887,
    "avg_overall": 0.8101503759398496,
    "total_columns": 133
  },
  "by_category": {
    "exact_match": {
      "avg_correctness": 0.45454545454545453,
      "avg_completeness": 0.45454545454545453,
      "avg_overall": 0.45454545454545453,
      "column_count": 11
    },
    "numeric_tolerance": {
      "avg_correctness": 0.8598130841121495,
      "avg_completeness": 0.8457943925233645,
      "avg_overall": 0.852803738317757,
      "column_count": 107
    },
    "structured_text": {
      "avg_correctness": 0.7666666666666667,
      "avg_completeness": 0.7666666666666667,
      "avg_overall": 0.7666666666666667,
      "column_count": 15
    }
  }
}