{
  "overall": {
    "avg_correctness": 0.7781954887218046,
    "avg_completeness": 0.7105263157894737,
    "avg_overall": 0.7443609022556391,
    "total_columns": 133
  },
  "by_category": {
    "exact_match": {
      "avg_correctness": 0.5714285714285714,
      "avg_completeness": 0.5714285714285714,
      "avg_overall": 0.5714285714285714,
      "column_count": 14
    },
    "numeric_tolerance": {
      "avg_correctness": 0.8037383177570093,
      "avg_completeness": 0.7289719626168224,
      "avg_overall": 0.7663551401869159,
      "column_count": 107
    },
    "structured_text": {
      "avg_correctness": 0.7916666666666666,
      "avg_completeness": 0.7083333333333334,
      "avg_overall": 0.75,
      "column_count": 12
    }
  }
}