{
  "overall": {
    "avg_correctness": 0.7105263157894737,
    "avg_completeness": 0.7857142857142857,
    "avg_overall": 0.7481203007518797,
    "total_columns": 133
  },
  "by_category": {
    "exact_match": {
      "avg_correctness": 0.7272727272727273,
      "avg_completeness": 0.7272727272727273,
      "avg_overall": 0.7272727272727273,
      "column_count": 11
    },
    "numeric_tolerance": {
      "avg_correctness": 0.7149532710280374,
      "avg_completeness": 0.794392523364486,
      "avg_overall": 0.7546728971962616,
      "column_count": 107
    },
    "structured_text": {
      "avg_correctness": 0.6666666666666666,
      "avg_completeness": 0.7666666666666667,
      "avg_overall": 0.7166666666666667,
      "column_count": 15
    }
  }
}