{
  "overall": {
    "avg_correctness": 0.8458646616541353,
    "avg_completeness": 0.868421052631579,
    "avg_overall": 0.8571428571428571,
    "total_columns": 133
  },
  "by_category": {
    "exact_match": {
      "avg_correctness": 0.7272727272727273,
      "avg_completeness": 0.7272727272727273,
      "avg_overall": 0.7272727272727273,
      "column_count": 11
    },
    "numeric_tolerance": {
      "avg_correctness": 0.8457943925233645,
      "avg_completeness": 0.8691588785046729,
      "avg_overall": 0.8574766355140186,
      "column_count": 107
    },
    "structured_text": {
      "avg_correctness": 0.9333333333333333,
      "avg_completeness": 0.9666666666666667,
      "avg_overall": 0.95,
      "column_count": 15
    }
  }
}