{
  "overall": {
    "avg_correctness": 0.3082706766917293,
    "avg_completeness": 0.3082706766917293,
    "avg_overall": 0.3082706766917293,
    "total_columns": 133
  },
  "by_category": {
    "exact_match": {
      "avg_correctness": 0.42857142857142855,
      "avg_completeness": 0.42857142857142855,
      "avg_overall": 0.42857142857142855,
      "column_count": 14
    },
    "numeric_tolerance": {
      "avg_correctness": 0.3177570093457944,
      "avg_completeness": 0.3177570093457944,
      "avg_overall": 0.3177570093457944,
      "column_count": 107
    },
    "structured_text": {
      "avg_correctness": 0.08333333333333333,
      "avg_completeness": 0.08333333333333333,
      "avg_overall": 0.08333333333333333,
      "column_count": 12
    }
  }
}