{
  "overall": {
    "avg_correctness": 0.46923076923076923,
    "avg_completeness": 0.47307692307692306,
    "avg_overall": 0.47115384615384615,
    "total_columns": 130
  },
  "by_category": {
    "exact_match": {
      "avg_correctness": 0.42857142857142855,
      "avg_completeness": 0.42857142857142855,
      "avg_overall": 0.42857142857142855,
      "column_count": 14
    },
    "numeric_tolerance": {
      "avg_correctness": 0.5192307692307693,
      "avg_completeness": 0.5240384615384616,
      "avg_overall": 0.5216346153846154,
      "column_count": 104
    },
    "structured_text": {
      "avg_correctness": 0.08333333333333333,
      "avg_completeness": 0.08333333333333333,
      "avg_overall": 0.08333333333333333,
      "column_count": 12
    }
  }
}