{
  "overall": {
    "avg_correctness": 0.8587786259541985,
    "avg_completeness": 0.8625954198473282,
    "avg_overall": 0.8606870229007634,
    "total_columns": 131
  },
  "by_category": {
    "exact_match": {
      "avg_correctness": 0.7272727272727273,
      "avg_completeness": 0.7272727272727273,
      "avg_overall": 0.7272727272727273,
      "column_count": 11
    },
    "numeric_tolerance": {
      "avg_correctness": 0.8761904761904762,
      "avg_completeness": 0.8761904761904762,
      "avg_overall": 0.8761904761904762,
      "column_count": 105
    },
    "structured_text": {
      "avg_correctness": 0.8333333333333334,
      "avg_completeness": 0.8666666666666667,
      "avg_overall": 0.85,
      "column_count": 15
    }
  }
}