{
  "overall": {
    "avg_correctness": 0.8195488721804511,
    "avg_completeness": 0.7443609022556391,
    "avg_overall": 0.7819548872180451,
    "total_columns": 133
  },
  "by_category": {
    "exact_match": {
      "avg_correctness": 0.6363636363636364,
      "avg_completeness": 0.6363636363636364,
      "avg_overall": 0.6363636363636364,
      "column_count": 11
    },
    "numeric_tolerance": {
      "avg_correctness": 0.8364485981308412,
      "avg_completeness": 0.7429906542056075,
      "avg_overall": 0.7897196261682243,
      "column_count": 107
    },
    "structured_text": {
      "avg_correctness": 0.8333333333333334,
      "avg_completeness": 0.8333333333333334,
      "avg_overall": 0.8333333333333334,
      "column_count": 15
    }
  }
}