{
  "overall": {
    "avg_correctness": 0.8157894736842105,
    "avg_completeness": 0.8120300751879699,
    "avg_overall": 0.8139097744360902,
    "total_columns": 133
  },
  "by_category": {
    "exact_match": {
      "avg_correctness": 0.7272727272727273,
      "avg_completeness": 0.7272727272727273,
      "avg_overall": 0.7272727272727273,
      "column_count": 11
    },
    "numeric_tolerance": {
      "avg_correctness": 0.8130841121495327,
      "avg_completeness": 0.8084112149532711,
      "avg_overall": 0.8107476635514018,
      "column_count": 107
    },
    "structured_text": {
      "avg_correctness": 0.9,
      "avg_completeness": 0.9,
      "avg_overall": 0.9,
      "column_count": 15
    }
  }
}