{
  "overall": {
    "avg_correctness": 0.7857142857142857,
    "avg_completeness": 0.7781954887218046,
    "avg_overall": 0.7819548872180451,
    "total_columns": 133
  },
  "by_category": {
    "exact_match": {
      "avg_correctness": 0.7857142857142857,
      "avg_completeness": 0.7857142857142857,
      "avg_overall": 0.7857142857142857,
      "column_count": 14
    },
    "numeric_tolerance": {
      "avg_correctness": 0.7850467289719626,
      "avg_completeness": 0.7850467289719626,
      "avg_overall": 0.7850467289719626,
      "column_count": 107
    },
    "structured_text": {
      "avg_correctness": 0.7916666666666666,
      "avg_completeness": 0.7083333333333334,
      "avg_overall": 0.75,
      "column_count": 12
    }
  }
}