{
  "overall": {
    "avg_correctness": 0.8909774436090225,
    "avg_completeness": 0.8508270676691729,
    "avg_overall": 0.8709022556390977,
    "total_columns": 133
  },
  "by_category": {
    "exact_match": {
      "avg_correctness": 0.7857142857142857,
      "avg_completeness": 0.7857142857142857,
      "avg_overall": 0.7857142857142857,
      "column_count": 14
    },
    "numeric_tolerance": {
      "avg_correctness": 0.9158878504672897,
      "avg_completeness": 0.8706542056074766,
      "avg_overall": 0.8932710280373831,
      "column_count": 107
    },
    "structured_text": {
      "avg_correctness": 0.7916666666666666,
      "avg_completeness": 0.75,
      "avg_overall": 0.7708333333333334,
      "column_count": 12
    }
  }
}