{
  "overall": {
    "avg_correctness": 0.8446969696969697,
    "avg_completeness": 0.7651515151515151,
    "avg_overall": 0.8049242424242424,
    "total_columns": 132
  },
  "by_category": {
    "exact_match": {
      "avg_correctness": 0.7857142857142857,
      "avg_completeness": 0.7857142857142857,
      "avg_overall": 0.7857142857142857,
      "column_count": 14
    },
    "numeric_tolerance": {
      "avg_correctness": 0.8632075471698113,
      "avg_completeness": 0.7641509433962265,
      "avg_overall": 0.8136792452830188,
      "column_count": 106
    },
    "structured_text": {
      "avg_correctness": 0.75,
      "avg_completeness": 0.75,
      "avg_overall": 0.75,
      "column_count": 12
    }
  }
}