{
  "overall": {
    "avg_correctness": 0.8120300751879699,
    "avg_completeness": 0.8120300751879699,
    "avg_overall": 0.8120300751879699,
    "total_columns": 133
  },
  "by_category": {
    "exact_match": {
      "avg_correctness": 0.45454545454545453,
      "avg_completeness": 0.45454545454545453,
      "avg_overall": 0.45454545454545453,
      "column_count": 11
    },
    "numeric_tolerance": {
      "avg_correctness": 0.8457943925233645,
      "avg_completeness": 0.8457943925233645,
      "avg_overall": 0.8457943925233645,
      "column_count": 107
    },
    "structured_text": {
      "avg_correctness": 0.8333333333333334,
      "avg_completeness": 0.8333333333333334,
      "avg_overall": 0.8333333333333334,
      "column_count": 15
    }
  }
}