{
  "overall": {
    "avg_correctness": 0.7105263157894737,
    "avg_completeness": 0.6766917293233082,
    "avg_overall": 0.693609022556391,
    "total_columns": 133
  },
  "by_category": {
    "exact_match": {
      "avg_correctness": 0.8181818181818182,
      "avg_completeness": 0.8181818181818182,
      "avg_overall": 0.8181818181818182,
      "column_count": 11
    },
    "numeric_tolerance": {
      "avg_correctness": 0.7242990654205608,
      "avg_completeness": 0.6822429906542056,
      "avg_overall": 0.7032710280373832,
      "column_count": 107
    },
    "structured_text": {
      "avg_correctness": 0.5333333333333333,
      "avg_completeness": 0.5333333333333333,
      "avg_overall": 0.5333333333333333,
      "column_count": 15
    }
  }
}