{
  "overall": {
    "avg_correctness": 0.7969924812030075,
    "avg_completeness": 0.8270676691729323,
    "avg_overall": 0.8120300751879699,
    "total_columns": 133
  },
  "by_category": {
    "exact_match": {
      "avg_correctness": 0.9090909090909091,
      "avg_completeness": 0.9090909090909091,
      "avg_overall": 0.9090909090909091,
      "column_count": 11
    },
    "numeric_tolerance": {
      "avg_correctness": 0.7990654205607477,
      "avg_completeness": 0.8317757009345794,
      "avg_overall": 0.8154205607476636,
      "column_count": 107
    },
    "structured_text": {
      "avg_correctness": 0.7,
      "avg_completeness": 0.7333333333333333,
      "avg_overall": 0.7166666666666667,
      "column_count": 15
    }
  }
}