{
  "overall": {
    "avg_correctness": 0.6842105263157895,
    "avg_completeness": 0.6778947368421052,
    "avg_overall": 0.6810526315789474,
    "total_columns": 133
  },
  "by_category": {
    "exact_match": {
      "avg_correctness": 0.6428571428571429,
      "avg_completeness": 0.6428571428571429,
      "avg_overall": 0.6428571428571429,
      "column_count": 14
    },
    "numeric_tolerance": {
      "avg_correctness": 0.6962616822429907,
      "avg_completeness": 0.6837383177570093,
      "avg_overall": 0.69,
      "column_count": 107
    },
    "structured_text": {
      "avg_correctness": 0.625,
      "avg_completeness": 0.6666666666666666,
      "avg_overall": 0.6458333333333334,
      "column_count": 12
    }
  }
}