{
  "overall": {
    "avg_correctness": 0.3769230769230769,
    "avg_completeness": 0.3769230769230769,
    "avg_overall": 0.3769230769230769,
    "total_columns": 130
  },
  "by_category": {
    "exact_match": {
      "avg_correctness": 0.42857142857142855,
      "avg_completeness": 0.42857142857142855,
      "avg_overall": 0.42857142857142855,
      "column_count": 14
    },
    "numeric_tolerance": {
      "avg_correctness": 0.40384615384615385,
      "avg_completeness": 0.40384615384615385,
      "avg_overall": 0.40384615384615385,
      "column_count": 104
    },
    "structured_text": {
      "avg_correctness": 0.08333333333333333,
      "avg_completeness": 0.08333333333333333,
      "avg_overall": 0.08333333333333333,
      "column_count": 12
    }
  }
}