{
  "overall": {
    "avg_correctness": 0.9172932330827067,
    "avg_completeness": 0.9097744360902256,
    "avg_overall": 0.9135338345864662,
    "total_columns": 133
  },
  "by_category": {
    "exact_match": {
      "avg_correctness": 0.45454545454545453,
      "avg_completeness": 0.45454545454545453,
      "avg_overall": 0.45454545454545453,
      "column_count": 11
    },
    "numeric_tolerance": {
      "avg_correctness": 0.9813084112149533,
      "avg_completeness": 0.9719626168224299,
      "avg_overall": 0.9766355140186916,
      "column_count": 107
    },
    "structured_text": {
      "avg_correctness": 0.8,
      "avg_completeness": 0.8,
      "avg_overall": 0.8,
      "column_count": 15
    }
  }
}