{
  "overall": {
    "avg_correctness": 0.678030303030303,
    "avg_completeness": 0.6628787878787878,
    "avg_overall": 0.6704545454545454,
    "total_columns": 132
  },
  "by_category": {
    "exact_match": {
      "avg_correctness": 0.7142857142857143,
      "avg_completeness": 0.7142857142857143,
      "avg_overall": 0.7142857142857143,
      "column_count": 14
    },
    "numeric_tolerance": {
      "avg_correctness": 0.6556603773584906,
      "avg_completeness": 0.6462264150943396,
      "avg_overall": 0.6509433962264151,
      "column_count": 106
    },
    "structured_text": {
      "avg_correctness": 0.8333333333333334,
      "avg_completeness": 0.75,
      "avg_overall": 0.7916666666666666,
      "column_count": 12
    }
  }
}