{
  "overall": {
    "avg_correctness": 0.6954887218045113,
    "avg_completeness": 0.6729323308270677,
    "avg_overall": 0.6842105263157895,
    "total_columns": 133
  },
  "by_category": {
    "exact_match": {
      "avg_correctness": 0.7142857142857143,
      "avg_completeness": 0.7142857142857143,
      "avg_overall": 0.7142857142857143,
      "column_count": 14
    },
    "numeric_tolerance": {
      "avg_correctness": 0.6728971962616822,
      "avg_completeness": 0.6588785046728972,
      "avg_overall": 0.6658878504672897,
      "column_count": 107
    },
    "structured_text": {
      "avg_correctness": 0.875,
      "avg_completeness": 0.75,
      "avg_overall": 0.8125,
      "column_count": 12
    }
  }
}