{
  "overall": {
    "avg_correctness": 0.9022556390977443,
    "avg_completeness": 0.8909774436090225,
    "avg_overall": 0.8966165413533834,
    "total_columns": 133
  },
  "by_category": {
    "exact_match": {
      "avg_correctness": 0.9090909090909091,
      "avg_completeness": 0.9090909090909091,
      "avg_overall": 0.9090909090909091,
      "column_count": 11
    },
    "numeric_tolerance": {
      "avg_correctness": 0.9065420560747663,
      "avg_completeness": 0.9065420560747663,
      "avg_overall": 0.9065420560747663,
      "column_count": 107
    },
    "structured_text": {
      "avg_correctness": 0.8666666666666667,
      "avg_completeness": 0.7666666666666667,
      "avg_overall": 0.8166666666666667,
      "column_count": 15
    }
  }
}