{
  "overall": {
    "avg_correctness": 0.9457364341085271,
    "avg_completeness": 0.937984496124031,
    "avg_overall": 0.9418604651162791,
    "total_columns": 129
  },
  "by_category": {
    "exact_match": {
      "avg_correctness": 0.8181818181818182,
      "avg_completeness": 0.8181818181818182,
      "avg_overall": 0.8181818181818182,
      "column_count": 11
    },
    "numeric_tolerance": {
      "avg_correctness": 0.9611650485436893,
      "avg_completeness": 0.9611650485436893,
      "avg_overall": 0.9611650485436893,
      "column_count": 103
    },
    "structured_text": {
      "avg_correctness": 0.9333333333333333,
      "avg_completeness": 0.8666666666666667,
      "avg_overall": 0.9,
      "column_count": 15
    }
  }
}