{
  "overall": {
    "avg_correctness": 0.8863636363636364,
    "avg_completeness": 0.8850757575757575,
    "avg_overall": 0.8857196969696969,
    "total_columns": 132
  },
  "by_category": {
    "exact_match": {
      "avg_correctness": 1.0,
      "avg_completeness": 1.0,
      "avg_overall": 1.0,
      "column_count": 11
    },
    "numeric_tolerance": {
      "avg_correctness": 0.8962264150943396,
      "avg_completeness": 0.8899056603773585,
      "avg_overall": 0.893066037735849,
      "column_count": 106
    },
    "structured_text": {
      "avg_correctness": 0.7333333333333333,
      "avg_completeness": 0.7666666666666667,
      "avg_overall": 0.75,
      "column_count": 15
    }
  }
}