{
  "overall": {
    "avg_correctness": 0.868421052631579,
    "avg_completeness": 0.8646616541353384,
    "avg_overall": 0.8665413533834586,
    "total_columns": 133
  },
  "by_category": {
    "exact_match": {
      "avg_correctness": 0.6363636363636364,
      "avg_completeness": 0.6363636363636364,
      "avg_overall": 0.6363636363636364,
      "column_count": 11
    },
    "numeric_tolerance": {
      "avg_correctness": 0.9065420560747663,
      "avg_completeness": 0.9065420560747663,
      "avg_overall": 0.9065420560747663,
      "column_count": 107
    },
    "structured_text": {
      "avg_correctness": 0.7666666666666667,
      "avg_completeness": 0.7333333333333333,
      "avg_overall": 0.75,
      "column_count": 15
    }
  }
}