{
  "overall": {
    "avg_correctness": 0.9360902255639098,
    "avg_completeness": 0.9285714285714286,
    "avg_overall": 0.9323308270676691,
    "total_columns": 133
  },
  "by_category": {
    "exact_match": {
      "avg_correctness": 0.8181818181818182,
      "avg_completeness": 0.8181818181818182,
      "avg_overall": 0.8181818181818182,
      "column_count": 11
    },
    "numeric_tolerance": {
      "avg_correctness": 0.9719626168224299,
      "avg_completeness": 0.9579439252336449,
      "avg_overall": 0.9649532710280374,
      "column_count": 107
    },
    "structured_text": {
      "avg_correctness": 0.7666666666666667,
      "avg_completeness": 0.8,
      "avg_overall": 0.7833333333333333,
      "column_count": 15
    }
  }
}