{
  "overall": {
    "avg_correctness": 0.7518796992481203,
    "avg_completeness": 0.9210526315789473,
    "avg_overall": 0.8364661654135338,
    "total_columns": 133
  },
  "by_category": {
    "exact_match": {
      "avg_correctness": 0.9090909090909091,
      "avg_completeness": 0.9090909090909091,
      "avg_overall": 0.9090909090909091,
      "column_count": 11
    },
    "numeric_tolerance": {
      "avg_correctness": 0.719626168224299,
      "avg_completeness": 0.9345794392523364,
      "avg_overall": 0.8271028037383178,
      "column_count": 107
    },
    "structured_text": {
      "avg_correctness": 0.8666666666666667,
      "avg_completeness": 0.8333333333333334,
      "avg_overall": 0.85,
      "column_count": 15
    }
  }
}