{
  "overall": {
    "avg_correctness": 0.8646616541353384,
    "avg_completeness": 0.8609022556390977,
    "avg_overall": 0.8627819548872181,
    "total_columns": 133
  },
  "by_category": {
    "exact_match": {
      "avg_correctness": 0.8181818181818182,
      "avg_completeness": 0.8181818181818182,
      "avg_overall": 0.8181818181818182,
      "column_count": 11
    },
    "numeric_tolerance": {
      "avg_correctness": 0.8878504672897196,
      "avg_completeness": 0.8878504672897196,
      "avg_overall": 0.8878504672897196,
      "column_count": 107
    },
    "structured_text": {
      "avg_correctness": 0.7333333333333333,
      "avg_completeness": 0.7,
      "avg_overall": 0.7166666666666667,
      "column_count": 15
    }
  }
}