{
  "overall": {
    "avg_correctness": 0.793233082706767,
    "avg_completeness": 0.8233082706766918,
    "avg_overall": 0.8082706766917294,
    "total_columns": 133
  },
  "by_category": {
    "exact_match": {
      "avg_correctness": 0.8181818181818182,
      "avg_completeness": 0.8181818181818182,
      "avg_overall": 0.8181818181818182,
      "column_count": 11
    },
    "numeric_tolerance": {
      "avg_correctness": 0.8037383177570093,
      "avg_completeness": 0.8271028037383178,
      "avg_overall": 0.8154205607476636,
      "column_count": 107
    },
    "structured_text": {
      "avg_correctness": 0.7,
      "avg_completeness": 0.8,
      "avg_overall": 0.75,
      "column_count": 15
    }
  }
}