{
  "overall": {
    "avg_correctness": 0.38188976377952755,
    "avg_completeness": 0.38188976377952755,
    "avg_overall": 0.38188976377952755,
    "total_columns": 127
  },
  "by_category": {
    "exact_match": {
      "avg_correctness": 0.5,
      "avg_completeness": 0.5,
      "avg_overall": 0.5,
      "column_count": 14
    },
    "numeric_tolerance": {
      "avg_correctness": 0.39603960396039606,
      "avg_completeness": 0.39603960396039606,
      "avg_overall": 0.39603960396039606,
      "column_count": 101
    },
    "structured_text": {
      "avg_correctness": 0.125,
      "avg_completeness": 0.125,
      "avg_overall": 0.125,
      "column_count": 12
    }
  }
}