{
  "overall": {
    "avg_correctness": 0.7368421052631579,
    "avg_completeness": 0.7180451127819549,
    "avg_overall": 0.7274436090225563,
    "total_columns": 133
  },
  "by_category": {
    "exact_match": {
      "avg_correctness": 0.9090909090909091,
      "avg_completeness": 0.9090909090909091,
      "avg_overall": 0.9090909090909091,
      "column_count": 11
    },
    "numeric_tolerance": {
      "avg_correctness": 0.7289719626168224,
      "avg_completeness": 0.7009345794392523,
      "avg_overall": 0.7149532710280374,
      "column_count": 107
    },
    "structured_text": {
      "avg_correctness": 0.6666666666666666,
      "avg_completeness": 0.7,
      "avg_overall": 0.6833333333333333,
      "column_count": 15
    }
  }
}