{
  "overall": {
    "avg_correctness": 0.7255639097744361,
    "avg_completeness": 0.7218045112781954,
    "avg_overall": 0.7236842105263158,
    "total_columns": 133
  },
  "by_category": {
    "exact_match": {
      "avg_correctness": 0.8181818181818182,
      "avg_completeness": 0.8181818181818182,
      "avg_overall": 0.8181818181818182,
      "column_count": 11
    },
    "numeric_tolerance": {
      "avg_correctness": 0.7289719626168224,
      "avg_completeness": 0.7242990654205608,
      "avg_overall": 0.7266355140186916,
      "column_count": 107
    },
    "structured_text": {
      "avg_correctness": 0.6333333333333333,
      "avg_completeness": 0.6333333333333333,
      "avg_overall": 0.6333333333333333,
      "column_count": 15
    }
  }
}