{
  "overall": {
    "avg_correctness": 0.7969924812030075,
    "avg_completeness": 0.7330827067669173,
    "avg_overall": 0.7650375939849624,
    "total_columns": 133
  },
  "by_category": {
    "exact_match": {
      "avg_correctness": 0.7857142857142857,
      "avg_completeness": 0.7857142857142857,
      "avg_overall": 0.7857142857142857,
      "column_count": 14
    },
    "numeric_tolerance": {
      "avg_correctness": 0.8878504672897196,
      "avg_completeness": 0.8084112149532711,
      "avg_overall": 0.8481308411214953,
      "column_count": 107
    },
    "structured_text": {
      "avg_correctness": 0.0,
      "avg_completeness": 0.0,
      "avg_overall": 0.0,
      "column_count": 12
    }
  }
}