{
  "overall": {
    "avg_correctness": 0.9108527131782945,
    "avg_completeness": 0.9031007751937985,
    "avg_overall": 0.9069767441860465,
    "total_columns": 129
  },
  "by_category": {
    "exact_match": {
      "avg_correctness": 0.8571428571428571,
      "avg_completeness": 0.8571428571428571,
      "avg_overall": 0.8571428571428571,
      "column_count": 14
    },
    "numeric_tolerance": {
      "avg_correctness": 0.9514563106796117,
      "avg_completeness": 0.9514563106796117,
      "avg_overall": 0.9514563106796117,
      "column_count": 103
    },
    "structured_text": {
      "avg_correctness": 0.625,
      "avg_completeness": 0.5416666666666666,
      "avg_overall": 0.5833333333333334,
      "column_count": 12
    }
  }
}