{
  "overall": {
    "avg_correctness": 0.6165413533834586,
    "avg_completeness": 0.6127819548872181,
    "avg_overall": 0.6146616541353384,
    "total_columns": 133
  },
  "by_category": {
    "exact_match": {
      "avg_correctness": 0.5,
      "avg_completeness": 0.5,
      "avg_overall": 0.5,
      "column_count": 14
    },
    "numeric_tolerance": {
      "avg_correctness": 0.6308411214953271,
      "avg_completeness": 0.6308411214953271,
      "avg_overall": 0.6308411214953271,
      "column_count": 107
    },
    "structured_text": {
      "avg_correctness": 0.625,
      "avg_completeness": 0.5833333333333334,
      "avg_overall": 0.6041666666666666,
      "column_count": 12
    }
  }
}