{
  "overall": {
    "avg_correctness": 0.8270676691729323,
    "avg_completeness": 0.9172932330827067,
    "avg_overall": 0.8721804511278195,
    "total_columns": 133
  },
  "by_category": {
    "exact_match": {
      "avg_correctness": 0.9090909090909091,
      "avg_completeness": 0.9090909090909091,
      "avg_overall": 0.9090909090909091,
      "column_count": 11
    },
    "numeric_tolerance": {
      "avg_correctness": 0.794392523364486,
      "avg_completeness": 0.9158878504672897,
      "avg_overall": 0.8551401869158879,
      "column_count": 107
    },
    "structured_text": {
      "avg_correctness": 1.0,
      "avg_completeness": 0.9333333333333333,
      "avg_overall": 0.9666666666666667,
      "column_count": 15
    }
  }
}