{
  "overall": {
    "avg_correctness": 0.8759398496240601,
    "avg_completeness": 0.868421052631579,
    "avg_overall": 0.8721804511278195,
    "total_columns": 133
  },
  "by_category": {
    "exact_match": {
      "avg_correctness": 0.7272727272727273,
      "avg_completeness": 0.7272727272727273,
      "avg_overall": 0.7272727272727273,
      "column_count": 11
    },
    "numeric_tolerance": {
      "avg_correctness": 0.8785046728971962,
      "avg_completeness": 0.8691588785046729,
      "avg_overall": 0.8738317757009346,
      "column_count": 107
    },
    "structured_text": {
      "avg_correctness": 0.9666666666666667,
      "avg_completeness": 0.9666666666666667,
      "avg_overall": 0.9666666666666667,
      "column_count": 15
    }
  }
}