{
  "overall": {
    "avg_correctness": 0.7218045112781954,
    "avg_completeness": 0.7969924812030075,
    "avg_overall": 0.7593984962406015,
    "total_columns": 133
  },
  "by_category": {
    "exact_match": {
      "avg_correctness": 0.9090909090909091,
      "avg_completeness": 0.9090909090909091,
      "avg_overall": 0.9090909090909091,
      "column_count": 11
    },
    "numeric_tolerance": {
      "avg_correctness": 0.705607476635514,
      "avg_completeness": 0.8037383177570093,
      "avg_overall": 0.7546728971962616,
      "column_count": 107
    },
    "structured_text": {
      "avg_correctness": 0.7,
      "avg_completeness": 0.6666666666666666,
      "avg_overall": 0.6833333333333333,
      "column_count": 15
    }
  }
}