{
  "overall": {
    "avg_correctness": 0.8488372093023255,
    "avg_completeness": 0.8643410852713178,
    "avg_overall": 0.8565891472868217,
    "total_columns": 129
  },
  "by_category": {
    "exact_match": {
      "avg_correctness": 1.0,
      "avg_completeness": 1.0,
      "avg_overall": 1.0,
      "column_count": 11
    },
    "numeric_tolerance": {
      "avg_correctness": 0.8446601941747572,
      "avg_completeness": 0.8592233009708737,
      "avg_overall": 0.8519417475728155,
      "column_count": 103
    },
    "structured_text": {
      "avg_correctness": 0.7666666666666667,
      "avg_completeness": 0.8,
      "avg_overall": 0.7833333333333333,
      "column_count": 15
    }
  }
}