{
  "overall": {
    "avg_correctness": 0.7518796992481203,
    "avg_completeness": 0.6917293233082706,
    "avg_overall": 0.7218045112781954,
    "total_columns": 133
  },
  "by_category": {
    "exact_match": {
      "avg_correctness": 0.7857142857142857,
      "avg_completeness": 0.7857142857142857,
      "avg_overall": 0.7857142857142857,
      "column_count": 14
    },
    "numeric_tolerance": {
      "avg_correctness": 0.7476635514018691,
      "avg_completeness": 0.6822429906542056,
      "avg_overall": 0.7149532710280374,
      "column_count": 107
    },
    "structured_text": {
      "avg_correctness": 0.75,
      "avg_completeness": 0.6666666666666666,
      "avg_overall": 0.7083333333333334,
      "column_count": 12
    }
  }
}