{
  "overall": {
    "avg_correctness": 0.8834586466165414,
    "avg_completeness": 0.9323308270676691,
    "avg_overall": 0.9078947368421053,
    "total_columns": 133
  },
  "by_category": {
    "exact_match": {
      "avg_correctness": 0.8181818181818182,
      "avg_completeness": 0.8181818181818182,
      "avg_overall": 0.8181818181818182,
      "column_count": 11
    },
    "numeric_tolerance": {
      "avg_correctness": 0.9018691588785047,
      "avg_completeness": 0.9626168224299065,
      "avg_overall": 0.9322429906542056,
      "column_count": 107
    },
    "structured_text": {
      "avg_correctness": 0.8,
      "avg_completeness": 0.8,
      "avg_overall": 0.8,
      "column_count": 15
    }
  }
}