{
  "overall": {
    "avg_correctness": 0.9022556390977443,
    "avg_completeness": 0.9022556390977443,
    "avg_overall": 0.9022556390977443,
    "total_columns": 133
  },
  "by_category": {
    "exact_match": {
      "avg_correctness": 0.7272727272727273,
      "avg_completeness": 0.7272727272727273,
      "avg_overall": 0.7272727272727273,
      "column_count": 11
    },
    "numeric_tolerance": {
      "avg_correctness": 0.9485981308411215,
      "avg_completeness": 0.9532710280373832,
      "avg_overall": 0.9509345794392523,
      "column_count": 107
    },
    "structured_text": {
      "avg_correctness": 0.7,
      "avg_completeness": 0.6666666666666666,
      "avg_overall": 0.6833333333333333,
      "column_count": 15
    }
  }
}