{
  "overall": {
    "avg_correctness": 0.8571428571428571,
    "avg_completeness": 0.8421052631578947,
    "avg_overall": 0.849624060150376,
    "total_columns": 133
  },
  "by_category": {
    "exact_match": {
      "avg_correctness": 1.0,
      "avg_completeness": 1.0,
      "avg_overall": 1.0,
      "column_count": 11
    },
    "numeric_tolerance": {
      "avg_correctness": 0.8504672897196262,
      "avg_completeness": 0.8271028037383178,
      "avg_overall": 0.8387850467289719,
      "column_count": 107
    },
    "structured_text": {
      "avg_correctness": 0.8,
      "avg_completeness": 0.8333333333333334,
      "avg_overall": 0.8166666666666667,
      "column_count": 15
    }
  }
}