{
  "overall": {
    "avg_correctness": 0.7255639097744361,
    "avg_completeness": 0.7293233082706767,
    "avg_overall": 0.7274436090225563,
    "total_columns": 133
  },
  "by_category": {
    "exact_match": {
      "avg_correctness": 0.6363636363636364,
      "avg_completeness": 0.6363636363636364,
      "avg_overall": 0.6363636363636364,
      "column_count": 11
    },
    "numeric_tolerance": {
      "avg_correctness": 0.7757009345794392,
      "avg_completeness": 0.7850467289719626,
      "avg_overall": 0.780373831775701,
      "column_count": 107
    },
    "structured_text": {
      "avg_correctness": 0.43333333333333335,
      "avg_completeness": 0.4,
      "avg_overall": 0.4166666666666667,
      "column_count": 15
    }
  }
}