{
  "overall": {
    "avg_correctness": 0.8082706766917294,
    "avg_completeness": 0.8157894736842105,
    "avg_overall": 0.8120300751879699,
    "total_columns": 133
  },
  "by_category": {
    "exact_match": {
      "avg_correctness": 0.7272727272727273,
      "avg_completeness": 0.7272727272727273,
      "avg_overall": 0.7272727272727273,
      "column_count": 11
    },
    "numeric_tolerance": {
      "avg_correctness": 0.8364485981308412,
      "avg_completeness": 0.8411214953271028,
      "avg_overall": 0.8387850467289719,
      "column_count": 107
    },
    "structured_text": {
      "avg_correctness": 0.6666666666666666,
      "avg_completeness": 0.7,
      "avg_overall": 0.6833333333333333,
      "column_count": 15
    }
  }
}