{
  "overall": {
    "avg_correctness": 0.7751937984496124,
    "avg_completeness": 0.7777519379844962,
    "avg_overall": 0.7764728682170542,
    "total_columns": 129
  },
  "by_category": {
    "exact_match": {
      "avg_correctness": 0.7857142857142857,
      "avg_completeness": 0.7857142857142857,
      "avg_overall": 0.7857142857142857,
      "column_count": 14
    },
    "numeric_tolerance": {
      "avg_correctness": 0.7961165048543689,
      "avg_completeness": 0.7944660194174757,
      "avg_overall": 0.7952912621359223,
      "column_count": 103
    },
    "structured_text": {
      "avg_correctness": 0.5833333333333334,
      "avg_completeness": 0.625,
      "avg_overall": 0.6041666666666666,
      "column_count": 12
    }
  }
}