{
  "overall": {
    "avg_correctness": 0.7234848484848485,
    "avg_completeness": 0.7184090909090909,
    "avg_overall": 0.7209469696969696,
    "total_columns": 132
  },
  "by_category": {
    "exact_match": {
      "avg_correctness": 1.0,
      "avg_completeness": 1.0,
      "avg_overall": 1.0,
      "column_count": 11
    },
    "numeric_tolerance": {
      "avg_correctness": 0.6886792452830188,
      "avg_completeness": 0.6823584905660377,
      "avg_overall": 0.6855188679245282,
      "column_count": 106
    },
    "structured_text": {
      "avg_correctness": 0.7666666666666667,
      "avg_completeness": 0.7666666666666667,
      "avg_overall": 0.7666666666666667,
      "column_count": 15
    }
  }
}