{
  "overall": {
    "avg_correctness": 0.75,
    "avg_completeness": 0.7537878787878788,
    "avg_overall": 0.7518939393939394,
    "total_columns": 132
  },
  "by_category": {
    "exact_match": {
      "avg_correctness": 1.0,
      "avg_completeness": 1.0,
      "avg_overall": 1.0,
      "column_count": 11
    },
    "numeric_tolerance": {
      "avg_correctness": 0.7264150943396226,
      "avg_completeness": 0.7452830188679245,
      "avg_overall": 0.7358490566037735,
      "column_count": 106
    },
    "structured_text": {
      "avg_correctness": 0.7333333333333333,
      "avg_completeness": 0.6333333333333333,
      "avg_overall": 0.6833333333333333,
      "column_count": 15
    }
  }
}