{
  "overall": {
    "avg_correctness": 0.793233082706767,
    "avg_completeness": 0.8045112781954887,
    "avg_overall": 0.7988721804511278,
    "total_columns": 133
  },
  "by_category": {
    "exact_match": {
      "avg_correctness": 0.9090909090909091,
      "avg_completeness": 0.9090909090909091,
      "avg_overall": 0.9090909090909091,
      "column_count": 11
    },
    "numeric_tolerance": {
      "avg_correctness": 0.7850467289719626,
      "avg_completeness": 0.8037383177570093,
      "avg_overall": 0.794392523364486,
      "column_count": 107
    },
    "structured_text": {
      "avg_correctness": 0.7666666666666667,
      "avg_completeness": 0.7333333333333333,
      "avg_overall": 0.75,
      "column_count": 15
    }
  }
}