{
  "overall": {
    "avg_correctness": 0.928030303030303,
    "avg_completeness": 0.9356060606060606,
    "avg_overall": 0.9318181818181818,
    "total_columns": 132
  },
  "by_category": {
    "exact_match": {
      "avg_correctness": 0.8181818181818182,
      "avg_completeness": 0.8181818181818182,
      "avg_overall": 0.8181818181818182,
      "column_count": 11
    },
    "numeric_tolerance": {
      "avg_correctness": 0.9481132075471698,
      "avg_completeness": 0.9764150943396226,
      "avg_overall": 0.9622641509433962,
      "column_count": 106
    },
    "structured_text": {
      "avg_correctness": 0.8666666666666667,
      "avg_completeness": 0.7333333333333333,
      "avg_overall": 0.8,
      "column_count": 15
    }
  }
}