{
  "overall": {
    "avg_correctness": 0.8421052631578947,
    "avg_completeness": 0.8233082706766918,
    "avg_overall": 0.8327067669172933,
    "total_columns": 133
  },
  "by_category": {
    "exact_match": {
      "avg_correctness": 0.7272727272727273,
      "avg_completeness": 0.7272727272727273,
      "avg_overall": 0.7272727272727273,
      "column_count": 11
    },
    "numeric_tolerance": {
      "avg_correctness": 0.8785046728971962,
      "avg_completeness": 0.8551401869158879,
      "avg_overall": 0.866822429906542,
      "column_count": 107
    },
    "structured_text": {
      "avg_correctness": 0.6666666666666666,
      "avg_completeness": 0.6666666666666666,
      "avg_overall": 0.6666666666666666,
      "column_count": 15
    }
  }
}