{
  "overall": {
    "avg_correctness": 0.6541353383458647,
    "avg_completeness": 0.650375939849624,
    "avg_overall": 0.6522556390977443,
    "total_columns": 133
  },
  "by_category": {
    "exact_match": {
      "avg_correctness": 0.5454545454545454,
      "avg_completeness": 0.5454545454545454,
      "avg_overall": 0.5454545454545454,
      "column_count": 11
    },
    "numeric_tolerance": {
      "avg_correctness": 0.6495327102803738,
      "avg_completeness": 0.6448598130841121,
      "avg_overall": 0.647196261682243,
      "column_count": 107
    },
    "structured_text": {
      "avg_correctness": 0.7666666666666667,
      "avg_completeness": 0.7666666666666667,
      "avg_overall": 0.7666666666666667,
      "column_count": 15
    }
  }
}