{
  "overall": {
    "avg_correctness": 0.6410256410256411,
    "avg_completeness": 0.6410256410256411,
    "avg_overall": 0.6410256410256411,
    "total_columns": 78
  },
  "by_category": {
    "exact_match": {
      "avg_correctness": 0.6410256410256411,
      "avg_completeness": 0.6410256410256411,
      "avg_overall": 0.6410256410256411,
      "column_count": 78
    }
  }
}