{
  "overall": {
    "avg_correctness": 0.8939393939393939,
    "avg_completeness": 0.9078030303030303,
    "avg_overall": 0.900871212121212,
    "total_columns": 132
  },
  "by_category": {
    "exact_match": {
      "avg_correctness": 0.9090909090909091,
      "avg_completeness": 0.9090909090909091,
      "avg_overall": 0.9090909090909091,
      "column_count": 11
    },
    "numeric_tolerance": {
      "avg_correctness": 0.9009433962264151,
      "avg_completeness": 0.9182075471698113,
      "avg_overall": 0.9095754716981131,
      "column_count": 106
    },
    "structured_text": {
      "avg_correctness": 0.8333333333333334,
      "avg_completeness": 0.8333333333333334,
      "avg_overall": 0.8333333333333334,
      "column_count": 15
    }
  }
}