{
  "overall": {
    "avg_correctness": 0.9172932330827067,
    "avg_completeness": 0.8646616541353384,
    "avg_overall": 0.8909774436090225,
    "total_columns": 133
  },
  "by_category": {
    "exact_match": {
      "avg_correctness": 0.8181818181818182,
      "avg_completeness": 0.8181818181818182,
      "avg_overall": 0.8181818181818182,
      "column_count": 11
    },
    "numeric_tolerance": {
      "avg_correctness": 0.9252336448598131,
      "avg_completeness": 0.8598130841121495,
      "avg_overall": 0.8925233644859814,
      "column_count": 107
    },
    "structured_text": {
      "avg_correctness": 0.9333333333333333,
      "avg_completeness": 0.9333333333333333,
      "avg_overall": 0.9333333333333333,
      "column_count": 15
    }
  }
}