{
  "overall": {
    "avg_correctness": 0.8270676691729323,
    "avg_completeness": 0.8383458646616542,
    "avg_overall": 0.8327067669172933,
    "total_columns": 133
  },
  "by_category": {
    "exact_match": {
      "avg_correctness": 0.6363636363636364,
      "avg_completeness": 0.6363636363636364,
      "avg_overall": 0.6363636363636364,
      "column_count": 11
    },
    "numeric_tolerance": {
      "avg_correctness": 0.8691588785046729,
      "avg_completeness": 0.8785046728971962,
      "avg_overall": 0.8738317757009346,
      "column_count": 107
    },
    "structured_text": {
      "avg_correctness": 0.6666666666666666,
      "avg_completeness": 0.7,
      "avg_overall": 0.6833333333333333,
      "column_count": 15
    }
  }
}