{
  "overall": {
    "avg_correctness": 0.7255639097744361,
    "avg_completeness": 0.793233082706767,
    "avg_overall": 0.7593984962406015,
    "total_columns": 133
  },
  "by_category": {
    "exact_match": {
      "avg_correctness": 0.9090909090909091,
      "avg_completeness": 0.9090909090909091,
      "avg_overall": 0.9090909090909091,
      "column_count": 11
    },
    "numeric_tolerance": {
      "avg_correctness": 0.6822429906542056,
      "avg_completeness": 0.7663551401869159,
      "avg_overall": 0.7242990654205608,
      "column_count": 107
    },
    "structured_text": {
      "avg_correctness": 0.9,
      "avg_completeness": 0.9,
      "avg_overall": 0.9,
      "column_count": 15
    }
  }
}