{
  "overall": {
    "avg_correctness": 0.7007575757575758,
    "avg_completeness": 0.6678030303030302,
    "avg_overall": 0.684280303030303,
    "total_columns": 132
  },
  "by_category": {
    "exact_match": {
      "avg_correctness": 0.9285714285714286,
      "avg_completeness": 0.9285714285714286,
      "avg_overall": 0.9285714285714286,
      "column_count": 14
    },
    "numeric_tolerance": {
      "avg_correctness": 0.660377358490566,
      "avg_completeness": 0.6287735849056603,
      "avg_overall": 0.6445754716981131,
      "column_count": 106
    },
    "structured_text": {
      "avg_correctness": 0.7916666666666666,
      "avg_completeness": 0.7083333333333334,
      "avg_overall": 0.75,
      "column_count": 12
    }
  }
}