{
  "overall": {
    "avg_correctness": 0.8939393939393939,
    "avg_completeness": 0.9166666666666666,
    "avg_overall": 0.9053030303030303,
    "total_columns": 132
  },
  "by_category": {
    "exact_match": {
      "avg_correctness": 0.9285714285714286,
      "avg_completeness": 0.9285714285714286,
      "avg_overall": 0.9285714285714286,
      "column_count": 14
    },
    "numeric_tolerance": {
      "avg_correctness": 0.9009433962264151,
      "avg_completeness": 0.9292452830188679,
      "avg_overall": 0.9150943396226415,
      "column_count": 106
    },
    "structured_text": {
      "avg_correctness": 0.7916666666666666,
      "avg_completeness": 0.7916666666666666,
      "avg_overall": 0.7916666666666666,
      "column_count": 12
    }
  }
}