{
  "overall": {
    "avg_correctness": 0.8345864661654135,
    "avg_completeness": 0.8308270676691729,
    "avg_overall": 0.8327067669172933,
    "total_columns": 133
  },
  "by_category": {
    "exact_match": {
      "avg_correctness": 0.9090909090909091,
      "avg_completeness": 0.9090909090909091,
      "avg_overall": 0.9090909090909091,
      "column_count": 11
    },
    "numeric_tolerance": {
      "avg_correctness": 0.8598130841121495,
      "avg_completeness": 0.8504672897196262,
      "avg_overall": 0.8551401869158879,
      "column_count": 107
    },
    "structured_text": {
      "avg_correctness": 0.6,
      "avg_completeness": 0.6333333333333333,
      "avg_overall": 0.6166666666666667,
      "column_count": 15
    }
  }
}