{
  "overall": {
    "avg_correctness": 0.8435114503816794,
    "avg_completeness": 0.8282442748091603,
    "avg_overall": 0.8358778625954199,
    "total_columns": 131
  },
  "by_category": {
    "exact_match": {
      "avg_correctness": 0.8571428571428571,
      "avg_completeness": 0.8571428571428571,
      "avg_overall": 0.8571428571428571,
      "column_count": 14
    },
    "numeric_tolerance": {
      "avg_correctness": 0.8428571428571429,
      "avg_completeness": 0.8238095238095238,
      "avg_overall": 0.8333333333333334,
      "column_count": 105
    },
    "structured_text": {
      "avg_correctness": 0.8333333333333334,
      "avg_completeness": 0.8333333333333334,
      "avg_overall": 0.8333333333333334,
      "column_count": 12
    }
  }
}