{
  "overall": {
    "avg_correctness": 0.8435114503816794,
    "avg_completeness": 0.8320610687022901,
    "avg_overall": 0.8377862595419847,
    "total_columns": 131
  },
  "by_category": {
    "exact_match": {
      "avg_correctness": 0.9090909090909091,
      "avg_completeness": 0.9090909090909091,
      "avg_overall": 0.9090909090909091,
      "column_count": 11
    },
    "numeric_tolerance": {
      "avg_correctness": 0.8380952380952381,
      "avg_completeness": 0.8142857142857143,
      "avg_overall": 0.8261904761904761,
      "column_count": 105
    },
    "structured_text": {
      "avg_correctness": 0.8333333333333334,
      "avg_completeness": 0.9,
      "avg_overall": 0.8666666666666667,
      "column_count": 15
    }
  }
}