{
  "overall": {
    "avg_correctness": 0.8157894736842105,
    "avg_completeness": 0.7744360902255639,
    "avg_overall": 0.7951127819548872,
    "total_columns": 133
  },
  "by_category": {
    "exact_match": {
      "avg_correctness": 0.8181818181818182,
      "avg_completeness": 0.8181818181818182,
      "avg_overall": 0.8181818181818182,
      "column_count": 11
    },
    "numeric_tolerance": {
      "avg_correctness": 0.8037383177570093,
      "avg_completeness": 0.7523364485981309,
      "avg_overall": 0.7780373831775701,
      "column_count": 107
    },
    "structured_text": {
      "avg_correctness": 0.9,
      "avg_completeness": 0.9,
      "avg_overall": 0.9,
      "column_count": 15
    }
  }
}