{
  "overall": {
    "avg_correctness": 0.6821705426356589,
    "avg_completeness": 0.6498449612403101,
    "avg_overall": 0.6660077519379844,
    "total_columns": 129
  },
  "by_category": {
    "exact_match": {
      "avg_correctness": 0.7142857142857143,
      "avg_completeness": 0.7142857142857143,
      "avg_overall": 0.7142857142857143,
      "column_count": 14
    },
    "numeric_tolerance": {
      "avg_correctness": 0.6601941747572816,
      "avg_completeness": 0.6294174757281553,
      "avg_overall": 0.6448058252427183,
      "column_count": 103
    },
    "structured_text": {
      "avg_correctness": 0.8333333333333334,
      "avg_completeness": 0.75,
      "avg_overall": 0.7916666666666666,
      "column_count": 12
    }
  }
}