{
  "overall": {
    "avg_correctness": 0.8533834586466166,
    "avg_completeness": 0.8458646616541353,
    "avg_overall": 0.849624060150376,
    "total_columns": 133
  },
  "by_category": {
    "exact_match": {
      "avg_correctness": 0.9285714285714286,
      "avg_completeness": 0.9285714285714286,
      "avg_overall": 0.9285714285714286,
      "column_count": 14
    },
    "numeric_tolerance": {
      "avg_correctness": 0.8411214953271028,
      "avg_completeness": 0.8457943925233645,
      "avg_overall": 0.8434579439252337,
      "column_count": 107
    },
    "structured_text": {
      "avg_correctness": 0.875,
      "avg_completeness": 0.75,
      "avg_overall": 0.8125,
      "column_count": 12
    }
  }
}