{
  "overall": {
    "avg_correctness": 0.6884615384615385,
    "avg_completeness": 0.6807692307692308,
    "avg_overall": 0.6846153846153846,
    "total_columns": 130
  },
  "by_category": {
    "exact_match": {
      "avg_correctness": 0.7857142857142857,
      "avg_completeness": 0.7857142857142857,
      "avg_overall": 0.7857142857142857,
      "column_count": 14
    },
    "numeric_tolerance": {
      "avg_correctness": 0.6682692307692307,
      "avg_completeness": 0.6586538461538461,
      "avg_overall": 0.6634615384615384,
      "column_count": 104
    },
    "structured_text": {
      "avg_correctness": 0.75,
      "avg_completeness": 0.75,
      "avg_overall": 0.75,
      "column_count": 12
    }
  }
}