{
  "overall": {
    "avg_correctness": 0.8947368421052632,
    "avg_completeness": 0.8909774436090225,
    "avg_overall": 0.8928571428571429,
    "total_columns": 133
  },
  "by_category": {
    "exact_match": {
      "avg_correctness": 1.0,
      "avg_completeness": 1.0,
      "avg_overall": 1.0,
      "column_count": 11
    },
    "numeric_tolerance": {
      "avg_correctness": 0.9252336448598131,
      "avg_completeness": 0.9252336448598131,
      "avg_overall": 0.9252336448598131,
      "column_count": 107
    },
    "structured_text": {
      "avg_correctness": 0.6,
      "avg_completeness": 0.5666666666666667,
      "avg_overall": 0.5833333333333334,
      "column_count": 15
    }
  }
}