{
  "overall": {
    "avg_correctness": 0.41015625,
    "avg_completeness": 0.41015625,
    "avg_overall": 0.41015625,
    "total_columns": 128
  },
  "by_category": {
    "exact_match": {
      "avg_correctness": 0.42857142857142855,
      "avg_completeness": 0.42857142857142855,
      "avg_overall": 0.42857142857142855,
      "column_count": 14
    },
    "numeric_tolerance": {
      "avg_correctness": 0.44607843137254904,
      "avg_completeness": 0.44607843137254904,
      "avg_overall": 0.44607843137254904,
      "column_count": 102
    },
    "structured_text": {
      "avg_correctness": 0.08333333333333333,
      "avg_completeness": 0.08333333333333333,
      "avg_overall": 0.08333333333333333,
      "column_count": 12
    }
  }
}