{
  "overall": {
    "avg_correctness": 0.80859375,
    "avg_completeness": 0.7734375,
    "avg_overall": 0.791015625,
    "total_columns": 128
  },
  "by_category": {
    "exact_match": {
      "avg_correctness": 0.8181818181818182,
      "avg_completeness": 0.8181818181818182,
      "avg_overall": 0.8181818181818182,
      "column_count": 11
    },
    "numeric_tolerance": {
      "avg_correctness": 0.8235294117647058,
      "avg_completeness": 0.7745098039215687,
      "avg_overall": 0.7990196078431373,
      "column_count": 102
    },
    "structured_text": {
      "avg_correctness": 0.7,
      "avg_completeness": 0.7333333333333333,
      "avg_overall": 0.7166666666666667,
      "column_count": 15
    }
  }
}