{
  "overall": {
    "avg_correctness": 0.7894736842105263,
    "avg_completeness": 0.7255639097744361,
    "avg_overall": 0.7575187969924813,
    "total_columns": 133
  },
  "by_category": {
    "exact_match": {
      "avg_correctness": 0.6363636363636364,
      "avg_completeness": 0.6363636363636364,
      "avg_overall": 0.6363636363636364,
      "column_count": 11
    },
    "numeric_tolerance": {
      "avg_correctness": 0.7990654205607477,
      "avg_completeness": 0.7289719626168224,
      "avg_overall": 0.764018691588785,
      "column_count": 107
    },
    "structured_text": {
      "avg_correctness": 0.8333333333333334,
      "avg_completeness": 0.7666666666666667,
      "avg_overall": 0.8,
      "column_count": 15
    }
  }
}