{
  "overall": {
    "avg_correctness": 0.8045112781954887,
    "avg_completeness": 0.8195488721804511,
    "avg_overall": 0.8120300751879699,
    "total_columns": 133
  },
  "by_category": {
    "exact_match": {
      "avg_correctness": 0.7142857142857143,
      "avg_completeness": 0.7142857142857143,
      "avg_overall": 0.7142857142857143,
      "column_count": 14
    },
    "numeric_tolerance": {
      "avg_correctness": 0.8364485981308412,
      "avg_completeness": 0.8504672897196262,
      "avg_overall": 0.8434579439252337,
      "column_count": 107
    },
    "structured_text": {
      "avg_correctness": 0.625,
      "avg_completeness": 0.6666666666666666,
      "avg_overall": 0.6458333333333334,
      "column_count": 12
    }
  }
}