{
  "overall": {
    "avg_correctness": 0.8157894736842105,
    "avg_completeness": 0.8609022556390977,
    "avg_overall": 0.8383458646616542,
    "total_columns": 133
  },
  "by_category": {
    "exact_match": {
      "avg_correctness": 0.6363636363636364,
      "avg_completeness": 0.6363636363636364,
      "avg_overall": 0.6363636363636364,
      "column_count": 11
    },
    "numeric_tolerance": {
      "avg_correctness": 0.8644859813084113,
      "avg_completeness": 0.9252336448598131,
      "avg_overall": 0.8948598130841121,
      "column_count": 107
    },
    "structured_text": {
      "avg_correctness": 0.6,
      "avg_completeness": 0.5666666666666667,
      "avg_overall": 0.5833333333333334,
      "column_count": 15
    }
  }
}