{
  "overall": {
    "avg_correctness": 0.8759398496240601,
    "avg_completeness": 0.8609022556390977,
    "avg_overall": 0.868421052631579,
    "total_columns": 133
  },
  "by_category": {
    "exact_match": {
      "avg_correctness": 0.7272727272727273,
      "avg_completeness": 0.7272727272727273,
      "avg_overall": 0.7272727272727273,
      "column_count": 11
    },
    "numeric_tolerance": {
      "avg_correctness": 0.9065420560747663,
      "avg_completeness": 0.8878504672897196,
      "avg_overall": 0.897196261682243,
      "column_count": 107
    },
    "structured_text": {
      "avg_correctness": 0.7666666666666667,
      "avg_completeness": 0.7666666666666667,
      "avg_overall": 0.7666666666666667,
      "column_count": 15
    }
  }
}