{
  "overall": {
    "avg_correctness": 0.6755725190839694,
    "avg_completeness": 0.6717557251908397,
    "avg_overall": 0.6736641221374046,
    "total_columns": 131
  },
  "by_category": {
    "exact_match": {
      "avg_correctness": 0.5,
      "avg_completeness": 0.5,
      "avg_overall": 0.5,
      "column_count": 14
    },
    "numeric_tolerance": {
      "avg_correctness": 0.7,
      "avg_completeness": 0.7095238095238096,
      "avg_overall": 0.7047619047619048,
      "column_count": 105
    },
    "structured_text": {
      "avg_correctness": 0.6666666666666666,
      "avg_completeness": 0.5416666666666666,
      "avg_overall": 0.6041666666666666,
      "column_count": 12
    }
  }
}