{
  "overall": {
    "avg_correctness": 0.868421052631579,
    "avg_completeness": 0.8834586466165414,
    "avg_overall": 0.8759398496240601,
    "total_columns": 133
  },
  "by_category": {
    "exact_match": {
      "avg_correctness": 0.8181818181818182,
      "avg_completeness": 0.8181818181818182,
      "avg_overall": 0.8181818181818182,
      "column_count": 11
    },
    "numeric_tolerance": {
      "avg_correctness": 0.8785046728971962,
      "avg_completeness": 0.897196261682243,
      "avg_overall": 0.8878504672897196,
      "column_count": 107
    },
    "structured_text": {
      "avg_correctness": 0.8333333333333334,
      "avg_completeness": 0.8333333333333334,
      "avg_overall": 0.8333333333333334,
      "column_count": 15
    }
  }
}