{
  "overall": {
    "avg_correctness": 0.7706766917293233,
    "avg_completeness": 0.7894736842105263,
    "avg_overall": 0.7800751879699248,
    "total_columns": 133
  },
  "by_category": {
    "exact_match": {
      "avg_correctness": 0.8181818181818182,
      "avg_completeness": 0.8181818181818182,
      "avg_overall": 0.8181818181818182,
      "column_count": 11
    },
    "numeric_tolerance": {
      "avg_correctness": 0.7710280373831776,
      "avg_completeness": 0.794392523364486,
      "avg_overall": 0.7827102803738317,
      "column_count": 107
    },
    "structured_text": {
      "avg_correctness": 0.7333333333333333,
      "avg_completeness": 0.7333333333333333,
      "avg_overall": 0.7333333333333333,
      "column_count": 15
    }
  }
}