{
  "overall": {
    "avg_correctness": 0.706766917293233,
    "avg_completeness": 0.7030075187969925,
    "avg_overall": 0.7048872180451128,
    "total_columns": 133
  },
  "by_category": {
    "exact_match": {
      "avg_correctness": 0.7857142857142857,
      "avg_completeness": 0.7857142857142857,
      "avg_overall": 0.7857142857142857,
      "column_count": 14
    },
    "numeric_tolerance": {
      "avg_correctness": 0.6962616822429907,
      "avg_completeness": 0.6962616822429907,
      "avg_overall": 0.6962616822429907,
      "column_count": 107
    },
    "structured_text": {
      "avg_correctness": 0.7083333333333334,
      "avg_completeness": 0.6666666666666666,
      "avg_overall": 0.6875,
      "column_count": 12
    }
  }
}