{
  "overall": {
    "avg_correctness": 0.9097744360902256,
    "avg_completeness": 0.8984962406015038,
    "avg_overall": 0.9041353383458647,
    "total_columns": 133
  },
  "by_category": {
    "exact_match": {
      "avg_correctness": 0.7272727272727273,
      "avg_completeness": 0.7272727272727273,
      "avg_overall": 0.7272727272727273,
      "column_count": 11
    },
    "numeric_tolerance": {
      "avg_correctness": 0.9439252336448598,
      "avg_completeness": 0.9299065420560748,
      "avg_overall": 0.9369158878504673,
      "column_count": 107
    },
    "structured_text": {
      "avg_correctness": 0.8,
      "avg_completeness": 0.8,
      "avg_overall": 0.8,
      "column_count": 15
    }
  }
}