{
  "overall": {
    "avg_correctness": 0.8045112781954887,
    "avg_completeness": 0.7894736842105263,
    "avg_overall": 0.7969924812030075,
    "total_columns": 133
  },
  "by_category": {
    "exact_match": {
      "avg_correctness": 0.5454545454545454,
      "avg_completeness": 0.5454545454545454,
      "avg_overall": 0.5454545454545454,
      "column_count": 11
    },
    "numeric_tolerance": {
      "avg_correctness": 0.822429906542056,
      "avg_completeness": 0.8130841121495327,
      "avg_overall": 0.8177570093457944,
      "column_count": 107
    },
    "structured_text": {
      "avg_correctness": 0.8666666666666667,
      "avg_completeness": 0.8,
      "avg_overall": 0.8333333333333334,
      "column_count": 15
    }
  }
}