{
  "overall": {
    "avg_correctness": 0.7293233082706767,
    "avg_completeness": 0.7330827067669173,
    "avg_overall": 0.731203007518797,
    "total_columns": 133
  },
  "by_category": {
    "exact_match": {
      "avg_correctness": 0.9285714285714286,
      "avg_completeness": 0.9285714285714286,
      "avg_overall": 0.9285714285714286,
      "column_count": 14
    },
    "numeric_tolerance": {
      "avg_correctness": 0.705607476635514,
      "avg_completeness": 0.7149532710280374,
      "avg_overall": 0.7102803738317757,
      "column_count": 107
    },
    "structured_text": {
      "avg_correctness": 0.7083333333333334,
      "avg_completeness": 0.6666666666666666,
      "avg_overall": 0.6875,
      "column_count": 12
    }
  }
}