{
  "overall": {
    "avg_correctness": 0.8082706766917294,
    "avg_completeness": 0.8120300751879699,
    "avg_overall": 0.8101503759398496,
    "total_columns": 133
  },
  "by_category": {
    "exact_match": {
      "avg_correctness": 0.9090909090909091,
      "avg_completeness": 0.9090909090909091,
      "avg_overall": 0.9090909090909091,
      "column_count": 11
    },
    "numeric_tolerance": {
      "avg_correctness": 0.8130841121495327,
      "avg_completeness": 0.822429906542056,
      "avg_overall": 0.8177570093457944,
      "column_count": 107
    },
    "structured_text": {
      "avg_correctness": 0.7,
      "avg_completeness": 0.6666666666666666,
      "avg_overall": 0.6833333333333333,
      "column_count": 15
    }
  }
}