{
  "overall": {
    "avg_correctness": 0.9285714285714286,
    "avg_completeness": 0.9172932330827067,
    "avg_overall": 0.9229323308270677,
    "total_columns": 133
  },
  "by_category": {
    "exact_match": {
      "avg_correctness": 0.9090909090909091,
      "avg_completeness": 0.9090909090909091,
      "avg_overall": 0.9090909090909091,
      "column_count": 11
    },
    "numeric_tolerance": {
      "avg_correctness": 0.9532710280373832,
      "avg_completeness": 0.9439252336448598,
      "avg_overall": 0.9485981308411215,
      "column_count": 107
    },
    "structured_text": {
      "avg_correctness": 0.7666666666666667,
      "avg_completeness": 0.7333333333333333,
      "avg_overall": 0.75,
      "column_count": 15
    }
  }
}