{
  "overall": {
    "avg_correctness": 0.8307086614173228,
    "avg_completeness": 0.8267716535433071,
    "avg_overall": 0.8287401574803149,
    "total_columns": 127
  },
  "by_category": {
    "exact_match": {
      "avg_correctness": 0.7272727272727273,
      "avg_completeness": 0.7272727272727273,
      "avg_overall": 0.7272727272727273,
      "column_count": 11
    },
    "numeric_tolerance": {
      "avg_correctness": 0.8514851485148515,
      "avg_completeness": 0.8613861386138614,
      "avg_overall": 0.8564356435643564,
      "column_count": 101
    },
    "structured_text": {
      "avg_correctness": 0.7666666666666667,
      "avg_completeness": 0.6666666666666666,
      "avg_overall": 0.7166666666666667,
      "column_count": 15
    }
  }
}