{
  "overall": {
    "avg_correctness": 0.8383458646616542,
    "avg_completeness": 0.8308270676691729,
    "avg_overall": 0.8345864661654135,
    "total_columns": 133
  },
  "by_category": {
    "exact_match": {
      "avg_correctness": 0.7272727272727273,
      "avg_completeness": 0.7272727272727273,
      "avg_overall": 0.7272727272727273,
      "column_count": 11
    },
    "numeric_tolerance": {
      "avg_correctness": 0.8551401869158879,
      "avg_completeness": 0.8457943925233645,
      "avg_overall": 0.8504672897196262,
      "column_count": 107
    },
    "structured_text": {
      "avg_correctness": 0.8,
      "avg_completeness": 0.8,
      "avg_overall": 0.8,
      "column_count": 15
    }
  }
}