{
  "overall": {
    "avg_correctness": 0.7293233082706767,
    "avg_completeness": 0.7518796992481203,
    "avg_overall": 0.7406015037593985,
    "total_columns": 133
  },
  "by_category": {
    "exact_match": {
      "avg_correctness": 0.8181818181818182,
      "avg_completeness": 0.8181818181818182,
      "avg_overall": 0.8181818181818182,
      "column_count": 11
    },
    "numeric_tolerance": {
      "avg_correctness": 0.7710280373831776,
      "avg_completeness": 0.8037383177570093,
      "avg_overall": 0.7873831775700935,
      "column_count": 107
    },
    "structured_text": {
      "avg_correctness": 0.36666666666666664,
      "avg_completeness": 0.3333333333333333,
      "avg_overall": 0.35,
      "column_count": 15
    }
  }
}