{
  "overall": {
    "avg_correctness": 0.7230769230769231,
    "avg_completeness": 0.7153846153846154,
    "avg_overall": 0.7192307692307692,
    "total_columns": 130
  },
  "by_category": {
    "exact_match": {
      "avg_correctness": 0.7857142857142857,
      "avg_completeness": 0.7857142857142857,
      "avg_overall": 0.7857142857142857,
      "column_count": 14
    },
    "numeric_tolerance": {
      "avg_correctness": 0.7115384615384616,
      "avg_completeness": 0.7163461538461539,
      "avg_overall": 0.7139423076923077,
      "column_count": 104
    },
    "structured_text": {
      "avg_correctness": 0.75,
      "avg_completeness": 0.625,
      "avg_overall": 0.6875,
      "column_count": 12
    }
  }
}