{
  "overall": {
    "avg_correctness": 0.9097744360902256,
    "avg_completeness": 0.8646616541353384,
    "avg_overall": 0.8872180451127819,
    "total_columns": 133
  },
  "by_category": {
    "exact_match": {
      "avg_correctness": 0.9090909090909091,
      "avg_completeness": 0.9090909090909091,
      "avg_overall": 0.9090909090909091,
      "column_count": 11
    },
    "numeric_tolerance": {
      "avg_correctness": 0.9345794392523364,
      "avg_completeness": 0.8785046728971962,
      "avg_overall": 0.9065420560747663,
      "column_count": 107
    },
    "structured_text": {
      "avg_correctness": 0.7333333333333333,
      "avg_completeness": 0.7333333333333333,
      "avg_overall": 0.7333333333333333,
      "column_count": 15
    }
  }
}