{
  "overall": {
    "avg_correctness": 0.3143939393939394,
    "avg_completeness": 0.3143939393939394,
    "avg_overall": 0.3143939393939394,
    "total_columns": 132
  },
  "by_category": {
    "exact_match": {
      "avg_correctness": 0.2857142857142857,
      "avg_completeness": 0.2857142857142857,
      "avg_overall": 0.2857142857142857,
      "column_count": 14
    },
    "numeric_tolerance": {
      "avg_correctness": 0.3443396226415094,
      "avg_completeness": 0.3443396226415094,
      "avg_overall": 0.3443396226415094,
      "column_count": 106
    },
    "structured_text": {
      "avg_correctness": 0.08333333333333333,
      "avg_completeness": 0.08333333333333333,
      "avg_overall": 0.08333333333333333,
      "column_count": 12
    }
  }
}