{
  "overall": {
    "avg_correctness": 0.8195488721804511,
    "avg_completeness": 0.8270676691729323,
    "avg_overall": 0.8233082706766918,
    "total_columns": 133
  },
  "by_category": {
    "exact_match": {
      "avg_correctness": 0.9285714285714286,
      "avg_completeness": 0.9285714285714286,
      "avg_overall": 0.9285714285714286,
      "column_count": 14
    },
    "numeric_tolerance": {
      "avg_correctness": 0.8177570093457944,
      "avg_completeness": 0.822429906542056,
      "avg_overall": 0.8200934579439252,
      "column_count": 107
    },
    "structured_text": {
      "avg_correctness": 0.7083333333333334,
      "avg_completeness": 0.75,
      "avg_overall": 0.7291666666666666,
      "column_count": 12
    }
  }
}