{
  "overall": {
    "avg_correctness": 0.7631578947368421,
    "avg_completeness": 0.7406015037593985,
    "avg_overall": 0.7518796992481203,
    "total_columns": 133
  },
  "by_category": {
    "exact_match": {
      "avg_correctness": 0.5454545454545454,
      "avg_completeness": 0.5454545454545454,
      "avg_overall": 0.5454545454545454,
      "column_count": 11
    },
    "numeric_tolerance": {
      "avg_correctness": 0.7663551401869159,
      "avg_completeness": 0.7570093457943925,
      "avg_overall": 0.7616822429906542,
      "column_count": 107
    },
    "structured_text": {
      "avg_correctness": 0.9,
      "avg_completeness": 0.7666666666666667,
      "avg_overall": 0.8333333333333334,
      "column_count": 15
    }
  }
}