{
  "overall": {
    "avg_correctness": 0.8120300751879699,
    "avg_completeness": 0.7819548872180451,
    "avg_overall": 0.7969924812030075,
    "total_columns": 133
  },
  "by_category": {
    "exact_match": {
      "avg_correctness": 0.8181818181818182,
      "avg_completeness": 0.8181818181818182,
      "avg_overall": 0.8181818181818182,
      "column_count": 11
    },
    "numeric_tolerance": {
      "avg_correctness": 0.8130841121495327,
      "avg_completeness": 0.780373831775701,
      "avg_overall": 0.7967289719626168,
      "column_count": 107
    },
    "structured_text": {
      "avg_correctness": 0.8,
      "avg_completeness": 0.7666666666666667,
      "avg_overall": 0.7833333333333333,
      "column_count": 15
    }
  }
}