{
  "overall": {
    "avg_correctness": 0.6628787878787878,
    "avg_completeness": 0.6590909090909091,
    "avg_overall": 0.6609848484848485,
    "total_columns": 132
  },
  "by_category": {
    "exact_match": {
      "avg_correctness": 0.7857142857142857,
      "avg_completeness": 0.7857142857142857,
      "avg_overall": 0.7857142857142857,
      "column_count": 14
    },
    "numeric_tolerance": {
      "avg_correctness": 0.6415094339622641,
      "avg_completeness": 0.6415094339622641,
      "avg_overall": 0.6415094339622641,
      "column_count": 106
    },
    "structured_text": {
      "avg_correctness": 0.7083333333333334,
      "avg_completeness": 0.6666666666666666,
      "avg_overall": 0.6875,
      "column_count": 12
    }
  }
}