{
  "overall": {
    "avg_correctness": 0.7218045112781954,
    "avg_completeness": 0.6879699248120301,
    "avg_overall": 0.7048872180451128,
    "total_columns": 133
  },
  "by_category": {
    "exact_match": {
      "avg_correctness": 0.7857142857142857,
      "avg_completeness": 0.7857142857142857,
      "avg_overall": 0.7857142857142857,
      "column_count": 14
    },
    "numeric_tolerance": {
      "avg_correctness": 0.7009345794392523,
      "avg_completeness": 0.6635514018691588,
      "avg_overall": 0.6822429906542056,
      "column_count": 107
    },
    "structured_text": {
      "avg_correctness": 0.8333333333333334,
      "avg_completeness": 0.7916666666666666,
      "avg_overall": 0.8125,
      "column_count": 12
    }
  }
}