{
  "overall": {
    "avg_correctness": 0.9097744360902256,
    "avg_completeness": 0.9097744360902256,
    "avg_overall": 0.9097744360902256,
    "total_columns": 133
  },
  "by_category": {
    "exact_match": {
      "avg_correctness": 0.9090909090909091,
      "avg_completeness": 0.9090909090909091,
      "avg_overall": 0.9090909090909091,
      "column_count": 11
    },
    "numeric_tolerance": {
      "avg_correctness": 0.9252336448598131,
      "avg_completeness": 0.9252336448598131,
      "avg_overall": 0.9252336448598131,
      "column_count": 107
    },
    "structured_text": {
      "avg_correctness": 0.8,
      "avg_completeness": 0.8,
      "avg_overall": 0.8,
      "column_count": 15
    }
  }
}